motivo;source_file;source_sheet;source_group;source_row;nome;contato;status
Contato vazio ou invalido.;Controle de CRM 2026 (1).xlsx;CRM (Empresas);Empresas;7;Goiás Tintas;;/ Estamos aguardando o contato da proprietária, já apresentamos o plano, eles tem muito interesse no plano.
Contato vazio ou invalido.;Controle de CRM 2026 (1).xlsx;CRM (Empresas);Empresas;40;COMERCIAL BOM PRECO;;/
Contato vazio ou invalido.;Controle de CRM 2026 (1).xlsx;CRM (Empresas);Empresas;70;Filtro Lube;;/
Contato vazio ou invalido.;Controle de CRM 2026 (1).xlsx;CRM (Empresas);Empresas;188;MADANI HOME;;/
Contato vazio ou invalido.;Controle de CRM 2026 (1).xlsx;CRM (Empresas);Empresas;210;SMART PURIFICADORES;;/
Contato vazio ou invalido.;Controle de CRM 2026 (1).xlsx;CRM (Empresas);Empresas;267;ADM CURSOS E TREINAMENTOS;;/
Contato vazio ou invalido.;Controle de CRM 2026 (1).xlsx;CRM (Empresas);Empresas;295;RIOVET DISTRIBUIDORA;;/
Contato vazio ou invalido.;Controle de CRM 2026 (1).xlsx;CRM (Empresas);Empresas;305;GOIANIA CONDOMINIO E LAZER - RESIDENCIAL I E II;;/
Contato vazio ou invalido.;Controle de CRM 2026 (1).xlsx;CRM (Empresas);Empresas;308;GOIANIA CONDOMINIO II;;/
Contato vazio ou invalido.;Controle de CRM 2026 (1).xlsx;CRM (Empresas);Empresas;322;OTICAS CARDOSO;;/
Contato vazio ou invalido.;Controle de CRM 2026 (1).xlsx;CRM (Empresas);Empresas;336;RM EUCAMINAS COMERCIO DE MADEIRA REFLORESTADA;;/
Contato vazio ou invalido.;Controle de CRM 2026 (1).xlsx;CRM (Empresas);Empresas;346;DEUZIRON HIDRAULICA MANUTENCAO AGRICOLA;;/
Contato vazio ou invalido.;Controle de CRM 2026 (1).xlsx;CRM (Empresas);Empresas;355;DIRETASSO ATACADISTA DA CONSTRUCAO;;/
Contato vazio ou invalido.;Controle de CRM 2026 (1).xlsx;CRM (Empresas);Empresas;392;EMPORIO DAS CASTANHAS RV;;/
Contato vazio ou invalido.;Controle de CRM 2026 (1).xlsx;CRM (Empresas);Empresas;444;BRASFERTIL;;/
Contato vazio ou invalido.;Controle de CRM 2026 (1).xlsx;CRM (Empresas);Empresas;457;BATERIAS LUXFOR;;/
Contato vazio ou invalido.;Controle de CRM 2026 (1).xlsx;CRM (Empresas);Empresas;468;RIOLUB LUBRIFICANTES;;/
Contato vazio ou invalido.;Controle de CRM 2026 (1).xlsx;CRM (Empresas);Empresas;503;IMPERIO DAS FERRAMENTAS;;/
Contato vazio ou invalido.;Controle de CRM 2026 (1).xlsx;CRM (Empresas);Empresas;507;AUTO ELETRICA INDEPENDENCIA;;/
Contato vazio ou invalido.;Controle de CRM 2026 (1).xlsx;CRM (Empresas);Empresas;524;ACERTTI;;/
Contato vazio ou invalido.;Controle de CRM 2026 (1).xlsx;CRM (Empresas);Empresas;563;Lava Jato Tok Final;;/
Lead pago sem nome ou contato valido.;Controle de Contratos Gerados pelo Marketing 2026 (1).xlsx;Vendas;Redes sociais trafego pago;5;Nome;Contato;Status
Lead organico sem nome ou contato valido.;Controle de Contratos Gerados pelo Marketing 2026 (1).xlsx;Vendas;Redes sociais organico;46;FECHADOS;13%;8
Lead pago sem nome ou contato valido.;Controle de Contratos Gerados pelo Marketing 2026 (1).xlsx;Vendas;Redes sociais trafego pago;253;FECHADOS;12%;225
Indicacao sem contato valido.;Estudo Palmas.html;PROGRAMA DE INDICACAO;Indicacoes colaborador;6;Capa & Resumo Executivo;;
Indicacao sem contato valido.;Estudo Palmas.html;PROGRAMA DE INDICACAO;Indicacoes colaborador;7;Dimensionamento de Mercado;;
Indicacao sem contato valido.;Estudo Palmas.html;PROGRAMA DE INDICACAO;Indicacoes colaborador;8;Concorrência & Posicionamento;;
Indicacao sem contato valido.;Estudo Palmas.html;PROGRAMA DE INDICACAO;Indicacoes colaborador;9;Regulação & Compliance;;
Indicacao sem contato valido.;Estudo Palmas.html;PROGRAMA DE INDICACAO;Indicacoes colaborador;10;Modelagem Operacional;;
Indicacao sem contato valido.;Estudo Palmas.html;PROGRAMA DE INDICACAO;Indicacoes colaborador;11;Modelagem Financeira;;
Indicacao sem contato valido.;Estudo Palmas.html;PROGRAMA DE INDICACAO;Indicacoes colaborador;12;Matriz de Riscos;;
Indicacao sem contato valido.;Estudo Palmas.html;PROGRAMA DE INDICACAO;Indicacoes colaborador;13;Recomendação Estratégica;;
Indicacao sem contato valido.;Estudo Palmas.html;PROGRAMA DE INDICACAO;Indicacoes colaborador;14;Roadmap de Implantação;;
Indicacao sem contato valido.;Estudo Palmas.html;PROGRAMA DE INDICACAO;Indicacoes colaborador;15;Anexos & Referências;;
Indicacao sem contato valido.;Estudo Palmas.html;PROGRAMA DE INDICACAO;Indicacoes colaborador;17;Estudo de Viabilidade Econômica e Financeira;;
Indicacao sem contato valido.;Estudo Palmas.html;PROGRAMA DE INDICACAO;Indicacoes colaborador;19;Funeral Pet em Palmas —;;
Indicacao sem contato valido.;Estudo Palmas.html;PROGRAMA DE INDICACAO;Indicacoes colaborador;20;uma oportunidade em território virgem.;;
Indicacao sem contato valido.;Estudo Palmas.html;PROGRAMA DE INDICACAO;Indicacoes colaborador;22;Análise de viabilidade para implantação de operação de funeral e cremação pet em modelo white-label, aproveitando a estrutura e a reputação de funerária estabelecida em Palmas, Tocantins. Horizontes de execução de 2, 4 e 6 anos.;;
Indicacao sem contato valido.;Estudo Palmas.html;PROGRAMA DE INDICACAO;Indicacoes colaborador;23;PraçaPalmas, Tocantins;;
Indicacao sem contato valido.;Estudo Palmas.html;PROGRAMA DE INDICACAO;Indicacoes colaborador;24;ModeloWhite-label;;
Indicacao sem contato valido.;Estudo Palmas.html;PROGRAMA DE INDICACAO;Indicacoes colaborador;25;CAPEX baseR$ 324 mil;;
Indicacao sem contato valido.;Estudo Palmas.html;PROGRAMA DE INDICACAO;Indicacoes colaborador;26;Horizonte2 / 4 / 6 anos;;
Indicacao sem contato valido.;Estudo Palmas.html;PROGRAMA DE INDICACAO;Indicacoes colaborador;27;00 Sumário executivo;;
Indicacao sem contato valido.;Estudo Palmas.html;PROGRAMA DE INDICACAO;Indicacoes colaborador;29;Dez números que sintetizam a tese de investimento.;;
Indicacao sem contato valido.;Estudo Palmas.html;PROGRAMA DE INDICACAO;Indicacoes colaborador;30;Palmas reúne uma combinação rara para um novo serviço funerário pet: capital em forte expansão demográfica, ausência de concorrente direto consolidado, população pet estimada em seis dígitos e uma estrutura funerária local já existente que pode ser aproveitada para reduzir CAPEX e acelerar time-to-market. O que segue é um retrato técnico — com as luzes, mas também com as sombras.;;
Indicacao sem contato valido.;Estudo Palmas.html;PROGRAMA DE INDICACAO;Indicacoes colaborador;31;População de Palmas (2025);;
Indicacao sem contato valido.;Estudo Palmas.html;PROGRAMA DE INDICACAO;Indicacoes colaborador;32;328,5 mil hab.;;
Indicacao sem contato valido.;Estudo Palmas.html;PROGRAMA DE INDICACAO;Indicacoes colaborador;33;3ª capital brasileira com maior crescimento em 2025 (+1,51%);;
Indicacao sem contato valido.;Estudo Palmas.html;PROGRAMA DE INDICACAO;Indicacoes colaborador;34;Cães e gatos estimados;;
Indicacao sem contato valido.;Estudo Palmas.html;PROGRAMA DE INDICACAO;Indicacoes colaborador;35;114 mil animais;;
Indicacao sem contato valido.;Estudo Palmas.html;PROGRAMA DE INDICACAO;Indicacoes colaborador;36;"1,5 animal por domicílio com pet; penetração de ~60% dos lares";;
Indicacao sem contato valido.;Estudo Palmas.html;PROGRAMA DE INDICACAO;Indicacoes colaborador;37;Óbitos/ano — TAM;;
Indicacao sem contato valido.;Estudo Palmas.html;PROGRAMA DE INDICACAO;Indicacoes colaborador;38;~10 mil;;
Indicacao sem contato valido.;Estudo Palmas.html;PROGRAMA DE INDICACAO;Indicacoes colaborador;39;Mortalidade ponderada de 8,8% ao ano (literatura veterinária);;
Indicacao sem contato valido.;Estudo Palmas.html;PROGRAMA DE INDICACAO;Indicacoes colaborador;40;Concorrência direta em Palmas;;
Indicacao sem contato valido.;Estudo Palmas.html;PROGRAMA DE INDICACAO;Indicacoes colaborador;41;0;;
Indicacao sem contato valido.;Estudo Palmas.html;PROGRAMA DE INDICACAO;Indicacoes colaborador;42;Nenhum crematório pet formal identificado na cidade;;
Indicacao sem contato valido.;Estudo Palmas.html;PROGRAMA DE INDICACAO;Indicacoes colaborador;43;CAPEX de implantação;;
Indicacao sem contato valido.;Estudo Palmas.html;PROGRAMA DE INDICACAO;Indicacoes colaborador;44;R$ 324,2 mil;;
Indicacao sem contato valido.;Estudo Palmas.html;PROGRAMA DE INDICACAO;Indicacoes colaborador;45;Inclui 6 meses de capital de giro e reserva de contingência;;
Indicacao sem contato valido.;Estudo Palmas.html;PROGRAMA DE INDICACAO;Indicacoes colaborador;46;Receita projetada — ano 6;;
Indicacao sem contato valido.;Estudo Palmas.html;PROGRAMA DE INDICACAO;Indicacoes colaborador;47;R$ 2,9 MM;;
Indicacao sem contato valido.;Estudo Palmas.html;PROGRAMA DE INDICACAO;Indicacoes colaborador;48;"Cenário-base; CAGR de 48,5% entre ano 1 e ano 6";;
Indicacao sem contato valido.;Estudo Palmas.html;PROGRAMA DE INDICACAO;Indicacoes colaborador;49;VPL em 6 anos (taxa 16%);;
Indicacao sem contato valido.;Estudo Palmas.html;PROGRAMA DE INDICACAO;Indicacoes colaborador;50;R$ 894 mil;;
Indicacao sem contato valido.;Estudo Palmas.html;PROGRAMA DE INDICACAO;Indicacoes colaborador;51;"Cenário-base; negativo em 4 anos, positivo a partir do 5º";;
Indicacao sem contato valido.;Estudo Palmas.html;PROGRAMA DE INDICACAO;Indicacoes colaborador;52;TIR em 6 anos;;
Indicacao sem contato valido.;Estudo Palmas.html;PROGRAMA DE INDICACAO;Indicacoes colaborador;53;45,50%;;
Indicacao sem contato valido.;Estudo Palmas.html;PROGRAMA DE INDICACAO;Indicacoes colaborador;54;~2,8x a Selic projetada de longo prazo (10% a.a.);;
Indicacao sem contato valido.;Estudo Palmas.html;PROGRAMA DE INDICACAO;Indicacoes colaborador;55;Payback descontado;;
Indicacao sem contato valido.;Estudo Palmas.html;PROGRAMA DE INDICACAO;Indicacoes colaborador;56;4,1 anos;;
Indicacao sem contato valido.;Estudo Palmas.html;PROGRAMA DE INDICACAO;Indicacoes colaborador;57;Payback simples: 3,5 anos — acima da média de franquias pet (2–3 anos);;
Indicacao sem contato valido.;Estudo Palmas.html;PROGRAMA DE INDICACAO;Indicacoes colaborador;58;Ponto de equilíbrio;;
Indicacao sem contato valido.;Estudo Palmas.html;PROGRAMA DE INDICACAO;Indicacoes colaborador;59;32 atend./mês;;
Indicacao sem contato valido.;Estudo Palmas.html;PROGRAMA DE INDICACAO;Indicacoes colaborador;60;"~382/ano; atingido entre o final do ano 1 e o meio do ano 2";;
Indicacao sem contato valido.;Estudo Palmas.html;PROGRAMA DE INDICACAO;Indicacoes colaborador;61;Recomendação preliminar;;
Indicacao sem contato valido.;Estudo Palmas.html;PROGRAMA DE INDICACAO;Indicacoes colaborador;62;Avançar com condicionantes.;;
Indicacao sem contato valido.;Estudo Palmas.html;PROGRAMA DE INDICACAO;Indicacoes colaborador;64;O projeto é economicamente viável e tem retorno atrativo no horizonte de 6 anos, mas exige disciplina de caixa nos primeiros 24 meses (EBITDA negativo no ano 1, próximo de zero no ano 2), contrato de parceria white-label robusto (risco de single point of failure no cremador terceirizado) e investimento consistente em branding e educação de mercado, já que Palmas não tem cultura estabelecida de cremação pet paga. O cenário pessimista — captura 25% abaixo do base — é economicamente inviável, o que torna a execução comercial o fator crítico de sucesso.;;
Indicacao sem contato valido.;Estudo Palmas.html;PROGRAMA DE INDICACAO;Indicacoes colaborador;65;§;;
Indicacao sem contato valido.;Estudo Palmas.html;PROGRAMA DE INDICACAO;Indicacoes colaborador;66;01 Análise de mercado;;
Indicacao sem contato valido.;Estudo Palmas.html;PROGRAMA DE INDICACAO;Indicacoes colaborador;68;De 328 mil habitantes a 10 mil óbitos pet por ano — a matemática do funil.;;
Indicacao sem contato valido.;Estudo Palmas.html;PROGRAMA DE INDICACAO;Indicacoes colaborador;69;Dimensionar o mercado endereçável é o primeiro teste de uma tese de investimento. Em Palmas, trabalhamos em três camadas: o universo total (TAM), a fatia realmente acessível (SAM) e a parcela capturável no horizonte do projeto (SOM). Os números abaixo combinam dados oficiais do IBGE com proxies setoriais da ABINPET, Instituto Pet Brasil e literatura veterinária.;;
Indicacao sem contato valido.;Estudo Palmas.html;PROGRAMA DE INDICACAO;Indicacoes colaborador;70;A base populacional: dados primários;;
Indicacao sem contato valido.;Estudo Palmas.html;PROGRAMA DE INDICACAO;Indicacoes colaborador;71;População total (2025)328.499 habitantes¹ Crescimento 2024→2025+1,51% (3ª capital que mais cresce no país)¹ PIB per capita (2023)R$ 46.808¹ IDHM0,788 (alto)¹ Domicílios estimados~126.834 (2,59 pessoas/dom.)² Área territorial2.227 km²¹;;
Indicacao sem contato valido.;Estudo Palmas.html;PROGRAMA DE INDICACAO;Indicacoes colaborador;72;Cálculo da população pet de Palmas;;
Indicacao sem contato valido.;Estudo Palmas.html;PROGRAMA DE INDICACAO;Indicacoes colaborador;74;A literatura aponta uma média de 1,8 animal de estimação por residência no Brasil³. Ajustando para uma penetração conservadora de 60% dos lares com pet e média de 1,5 cão ou gato nesses domicílios (descontando aves, peixes e répteis que não são alvo deste serviço), chegamos a uma base capturável:;;
Indicacao sem contato valido.;Estudo Palmas.html;PROGRAMA DE INDICACAO;Indicacoes colaborador;75;Etapa do cálculo;;
Indicacao sem contato valido.;Estudo Palmas.html;PROGRAMA DE INDICACAO;Indicacoes colaborador;76;Domicílios em Palmas;;
Indicacao sem contato valido.;Estudo Palmas.html;PROGRAMA DE INDICACAO;Indicacoes colaborador;77;× Penetração de pets (60%);;
Indicacao sem contato valido.;Estudo Palmas.html;PROGRAMA DE INDICACAO;Indicacoes colaborador;78;× 1,5 cão/gato por domicílio;;
Indicacao sem contato valido.;Estudo Palmas.html;PROGRAMA DE INDICACAO;Indicacoes colaborador;79;População pet (cães + gatos) estimada;;
Indicacao sem contato valido.;Estudo Palmas.html;PROGRAMA DE INDICACAO;Indicacoes colaborador;80;× Taxa de mortalidade anual (8,8%);;
Indicacao sem contato valido.;Estudo Palmas.html;PROGRAMA DE INDICACAO;Indicacoes colaborador;81;TAM (óbitos/ano) em Palmas;;
Indicacao sem contato valido.;Estudo Palmas.html;PROGRAMA DE INDICACAO;Indicacoes colaborador;82;Limitação metodológica reconhecida;;
Indicacao sem contato valido.;Estudo Palmas.html;PROGRAMA DE INDICACAO;Indicacoes colaborador;83;O IBGE não publica censo pet municipal. As taxas de penetração foram extrapoladas de estudos nacionais (ABINPET 2024, Senado/Infomaterias)³⁴. Para cidades planejadas e de crescimento recente como Palmas, a penetração pode ser superior à média devido a: (a) maior renda média relativa à região, (b) perfil jovem com adoção de pet durante a pandemia, (c) verticalização do eixo da Teotônio Segurado favorecendo pets de pequeno porte. Uma pesquisa de campo primária com 400 domicílios reduziria a incerteza antes do aporte de capital.;;
Indicacao sem contato valido.;Estudo Palmas.html;PROGRAMA DE INDICACAO;Indicacoes colaborador;84;Funil TAM → SAM → SOM;;
Indicacao sem contato valido.;Estudo Palmas.html;PROGRAMA DE INDICACAO;Indicacoes colaborador;86;Nem todos os 10 mil óbitos anuais se converterão em clientes. A maior parte dos tutores brasileiros ainda descarta o corpo de forma informal — enterro no quintal, entrega em clínica veterinária, coleta pública. O SAM (Serviceable Available Market) representa a fatia disposta e capaz de pagar por um serviço funerário formal. No Brasil urbano, essa taxa varia entre 15% e 35%. Para Palmas, adotamos uma premissa intermediária-conservadora de 22%, considerando o mercado nascente.;;
Indicacao sem contato valido.;Estudo Palmas.html;PROGRAMA DE INDICACAO;Indicacoes colaborador;87;Funil de mercado — Palmas/TO;;
Indicacao sem contato valido.;Estudo Palmas.html;PROGRAMA DE INDICACAO;Indicacoes colaborador;88;Do universo total ao capturável, ano a ano (cenário-base);;
Indicacao sem contato valido.;Estudo Palmas.html;PROGRAMA DE INDICACAO;Indicacoes colaborador;89;Ano;Atendimentos/mês;
Indicacao sem contato valido.;Estudo Palmas.html;PROGRAMA DE INDICACAO;Indicacoes colaborador;90;Ano 1;22;
Indicacao sem contato valido.;Estudo Palmas.html;PROGRAMA DE INDICACAO;Indicacoes colaborador;91;Ano 2;41;
Indicacao sem contato valido.;Estudo Palmas.html;PROGRAMA DE INDICACAO;Indicacoes colaborador;92;Ano 3;59;
Indicacao sem contato valido.;Estudo Palmas.html;PROGRAMA DE INDICACAO;Indicacoes colaborador;93;Ano 4;74;
Indicacao sem contato valido.;Estudo Palmas.html;PROGRAMA DE INDICACAO;Indicacoes colaborador;94;Ano 5;83;
Indicacao sem contato valido.;Estudo Palmas.html;PROGRAMA DE INDICACAO;Indicacoes colaborador;95;Ano 6;88;
Indicacao sem contato valido.;Estudo Palmas.html;PROGRAMA DE INDICACAO;Indicacoes colaborador;96;Em um mercado onde nenhum concorrente direto se estabeleceu, o primeiro entrante não compete por participação — ele constrói a categoria. Premissa estratégica do estudo;;
Indicacao sem contato valido.;Estudo Palmas.html;PROGRAMA DE INDICACAO;Indicacoes colaborador;97;"¹ IBGE Cidades & Estados — Palmas/TO (estimativa 2025). ² Estimativa a partir da média domiciliar do Tocantins no Censo 2022. ³ ABINPET / Senado Federal (2024) — ""Brasil tem terceira maior população pet do mundo"". ⁴ Petcenso 2025 / Panorama Pet 2025.";;
Indicacao sem contato valido.;Estudo Palmas.html;PROGRAMA DE INDICACAO;Indicacoes colaborador;98;02 Concorrência & posicionamento;;
Indicacao sem contato valido.;Estudo Palmas.html;PROGRAMA DE INDICACAO;Indicacoes colaborador;100;Um mercado sem líder — nem candidato óbvio.;;
Indicacao sem contato valido.;Estudo Palmas.html;PROGRAMA DE INDICACAO;Indicacoes colaborador;101;Mapeamos o raio de 200 km ao redor de Palmas e varremos diretórios nacionais (Google Maps, Instagram, Reclame Aqui, Pet Memorial, R.I.P. Pet, PetFênix). O resultado: nenhum crematório pet formal identificado em Palmas ou em cidades vizinhas relevantes (Araguaína, Gurupi, Porto Nacional). Existem apenas redes operando em outras regiões — Morada da Paz (PE, PB, RN), PetFênix (AL, BA, PE, SE), R.I.P. Pet (SP, RJ, MG), Pet Memorial (SP).;;
Indicacao sem contato valido.;Estudo Palmas.html;PROGRAMA DE INDICACAO;Indicacoes colaborador;102;Matriz de concorrência direta e indireta;;
Indicacao sem contato valido.;Estudo Palmas.html;PROGRAMA DE INDICACAO;Indicacoes colaborador;103;Concorrente;Ameaça;
Indicacao sem contato valido.;Estudo Palmas.html;PROGRAMA DE INDICACAO;Indicacoes colaborador;104;Nenhum crematório pet formal em Palmas;Oceano azul local;
Indicacao sem contato valido.;Estudo Palmas.html;PROGRAMA DE INDICACAO;Indicacoes colaborador;105;Clínicas veterinárias (encaminhamento informal);Baixa a média — podem virar parceiras;
Indicacao sem contato valido.;Estudo Palmas.html;PROGRAMA DE INDICACAO;Indicacoes colaborador;106;Sepultamento caseiro (quintal);Alta — exige educação de mercado;
Indicacao sem contato valido.;Estudo Palmas.html;PROGRAMA DE INDICACAO;Indicacoes colaborador;107;Coleta pública / descarte informal;Média — relevante em classes C/D;
Indicacao sem contato valido.;Estudo Palmas.html;PROGRAMA DE INDICACAO;Indicacoes colaborador;108;Crematórios humanos com extensão pet;Baixa — nenhum em TO oferece o serviço;
Indicacao sem contato valido.;Estudo Palmas.html;PROGRAMA DE INDICACAO;Indicacoes colaborador;109;PetFênix / Morada da Paz (via franquia);Média — janela temporal;
Indicacao sem contato valido.;Estudo Palmas.html;PROGRAMA DE INDICACAO;Indicacoes colaborador;110;A janela estratégica é limitada;;
Indicacao sem contato valido.;Estudo Palmas.html;PROGRAMA DE INDICACAO;Indicacoes colaborador;111;Redes nacionais (PetFênix em especial) têm expansão agressiva via franquia. A ausência atual de player em Palmas não é permanente — estimamos uma janela de 18 a 30 meses antes que uma rede nacional entre na cidade. Atuar como first mover com marca local forte cria barreira reputacional difícil de superar por entrante tardio, especialmente em luto, onde recomendação boca-a-boca e avaliação pública pesam mais que preço.;;
Indicacao sem contato valido.;Estudo Palmas.html;PROGRAMA DE INDICACAO;Indicacoes colaborador;112;Benchmarking de preços nacionais;;
Indicacao sem contato valido.;Estudo Palmas.html;PROGRAMA DE INDICACAO;Indicacoes colaborador;114;Levantamento em fontes públicas (sites, Google Maps, GetNinjas) nas 10 maiores cidades brasileiras⁵:;;
Indicacao sem contato valido.;Estudo Palmas.html;PROGRAMA DE INDICACAO;Indicacoes colaborador;115;Faixa de preços — cremação pet no Brasil (R$);;
Indicacao sem contato valido.;Estudo Palmas.html;PROGRAMA DE INDICACAO;Indicacoes colaborador;116;Min, mediana e máximo por modalidade em capitais brasileiras;;
Indicacao sem contato valido.;Estudo Palmas.html;PROGRAMA DE INDICACAO;Indicacoes colaborador;117;Cremação coletiva — faixa BrasilR$ 250 a R$ 1.000 (mediana ~R$ 480) Cremação individual — faixa BrasilR$ 600 a R$ 2.000 (mediana ~R$ 1.200) Plano preventivo — faixa BrasilR$ 20 a R$ 80/mês Sua referência — individualR$ 1.500 (entre mediana e teto — posicionamento premium defensável) Sua referência — coletivaR$ 1.000 (acima da mediana — justificável pela ausência de alternativa local);;
Indicacao sem contato valido.;Estudo Palmas.html;PROGRAMA DE INDICACAO;Indicacoes colaborador;118;Cinco Forças de Porter — funeral pet em Palmas;;
Indicacao sem contato valido.;Estudo Palmas.html;PROGRAMA DE INDICACAO;Indicacoes colaborador;119;Força;;
Indicacao sem contato valido.;Estudo Palmas.html;PROGRAMA DE INDICACAO;Indicacoes colaborador;120;Rivalidade entre concorrentes;;
Indicacao sem contato valido.;Estudo Palmas.html;PROGRAMA DE INDICACAO;Indicacoes colaborador;121;Ameaça de novos entrantes;;
Indicacao sem contato valido.;Estudo Palmas.html;PROGRAMA DE INDICACAO;Indicacoes colaborador;122;Poder de barganha dos clientes;;
Indicacao sem contato valido.;Estudo Palmas.html;PROGRAMA DE INDICACAO;Indicacoes colaborador;123;Poder de barganha dos fornecedores;;
Indicacao sem contato valido.;Estudo Palmas.html;PROGRAMA DE INDICACAO;Indicacoes colaborador;124;Ameaça de substitutos;;
Indicacao sem contato valido.;Estudo Palmas.html;PROGRAMA DE INDICACAO;Indicacoes colaborador;125;Matriz SWOT;;
Indicacao sem contato valido.;Estudo Palmas.html;PROGRAMA DE INDICACAO;Indicacoes colaborador;126;S · Forças;;
Indicacao sem contato valido.;Estudo Palmas.html;PROGRAMA DE INDICACAO;Indicacoes colaborador;128;Funerária estabelecida com reputação e know-how cerimonial;;
Indicacao sem contato valido.;Estudo Palmas.html;PROGRAMA DE INDICACAO;Indicacoes colaborador;129;Estrutura física, frota e equipe já disponíveis (baixa duplicação de CAPEX);;
Indicacao sem contato valido.;Estudo Palmas.html;PROGRAMA DE INDICACAO;Indicacoes colaborador;130;Marca local com credibilidade (vs. player de fora);;
Indicacao sem contato valido.;Estudo Palmas.html;PROGRAMA DE INDICACAO;Indicacoes colaborador;131;Capacidade operacional 24/7 herdada do negócio principal;;
Indicacao sem contato valido.;Estudo Palmas.html;PROGRAMA DE INDICACAO;Indicacoes colaborador;132;Rede de contatos em clínicas e serviços funerários da cidade;;
Indicacao sem contato valido.;Estudo Palmas.html;PROGRAMA DE INDICACAO;Indicacoes colaborador;134;W · Fraquezas;;
Indicacao sem contato valido.;Estudo Palmas.html;PROGRAMA DE INDICACAO;Indicacoes colaborador;136;Ausência de forno crematório próprio — dependência do parceiro;;
Indicacao sem contato valido.;Estudo Palmas.html;PROGRAMA DE INDICACAO;Indicacoes colaborador;137;Margem comprimida pelo custo variável fixo do terceirizado (R$ 350);;
Indicacao sem contato valido.;Estudo Palmas.html;PROGRAMA DE INDICACAO;Indicacoes colaborador;138;Curva de aprendizagem em marketing pet (linguagem distinta da funerária humana);;
Indicacao sem contato valido.;Estudo Palmas.html;PROGRAMA DE INDICACAO;Indicacoes colaborador;139;Possível confusão de marca (funeral humano × pet) se identidade visual mal gerida;;
Indicacao sem contato valido.;Estudo Palmas.html;PROGRAMA DE INDICACAO;Indicacoes colaborador;140;Logística de remoção e transporte até o parceiro cremador (custo e tempo);;
Indicacao sem contato valido.;Estudo Palmas.html;PROGRAMA DE INDICACAO;Indicacoes colaborador;142;O · Oportunidades;;
Indicacao sem contato valido.;Estudo Palmas.html;PROGRAMA DE INDICACAO;Indicacoes colaborador;144;Oceano azul local: primeiro player formal em Palmas;;
Indicacao sem contato valido.;Estudo Palmas.html;PROGRAMA DE INDICACAO;Indicacoes colaborador;145;Mercado pet brasileiro em crescimento (+12% ao ano, R$ 77 bi em 2024)⁶;;
Indicacao sem contato valido.;Estudo Palmas.html;PROGRAMA DE INDICACAO;Indicacoes colaborador;146;Palmas com maior renda média relativa no Norte e população jovem/conectada;;
Indicacao sem contato valido.;Estudo Palmas.html;PROGRAMA DE INDICACAO;Indicacoes colaborador;147;Possibilidade de exportar modelo para Gurupi, Araguaína, Porto Nacional;;
Indicacao sem contato valido.;Estudo Palmas.html;PROGRAMA DE INDICACAO;Indicacoes colaborador;148;Combinar com o core funerário humano (funeral multiespécie em planos familiares);;
Indicacao sem contato valido.;Estudo Palmas.html;PROGRAMA DE INDICACAO;Indicacoes colaborador;150;T · Ameaças;;
Indicacao sem contato valido.;Estudo Palmas.html;PROGRAMA DE INDICACAO;Indicacoes colaborador;152;Entrada de rede nacional (PetFênix, Morada da Paz) em 18–30 meses;;
Indicacao sem contato valido.;Estudo Palmas.html;PROGRAMA DE INDICACAO;Indicacoes colaborador;153;Falha reputacional do parceiro cremador contamina sua marca;;
Indicacao sem contato valido.;Estudo Palmas.html;PROGRAMA DE INDICACAO;Indicacoes colaborador;154;Mudanças regulatórias municipais / estaduais (licença CONAMA e Naturatins);;
Indicacao sem contato valido.;Estudo Palmas.html;PROGRAMA DE INDICACAO;Indicacoes colaborador;155;Adoção cultural mais lenta que o projetado;;
Indicacao sem contato valido.;Estudo Palmas.html;PROGRAMA DE INDICACAO;Indicacoes colaborador;156;Crise macroeconômica deprimindo gastos discricionários com pet;;
Indicacao sem contato valido.;Estudo Palmas.html;PROGRAMA DE INDICACAO;Indicacoes colaborador;158;"⁵ Valores agregados de Urnas-Funerarias.br.com (jun/2025), GetNinjas, Pax Funeral Pet, Crematório Pet Santuário, Brazcão, Memorial Pet e Pet Céu. ⁶ ABINPET 2024; Hora do Pet / Panorama Pet 2025.";;
Indicacao sem contato valido.;Estudo Palmas.html;PROGRAMA DE INDICACAO;Indicacoes colaborador;159;03 Regulação & Compliance;;
Indicacao sem contato valido.;Estudo Palmas.html;PROGRAMA DE INDICACAO;Indicacoes colaborador;161;O arcabouço legal é permissivo, mas não displicente.;;
Indicacao sem contato valido.;Estudo Palmas.html;PROGRAMA DE INDICACAO;Indicacoes colaborador;162;A cremação pet no Brasil opera em um vácuo federal relativo — não existe lei específica que a regulamente diretamente como atividade comercial. A regulação se dá pela confluência de três níveis: federal ambiental (CONAMA 358/2005), estadual (Naturatins, no caso do Tocantins) e municipal (Vigilância Sanitária de Palmas, alvará de funcionamento). Como o modelo proposto é white-label — sem forno próprio —, a exposição regulatória diminui, mas não desaparece.;;
Indicacao sem contato valido.;Estudo Palmas.html;PROGRAMA DE INDICACAO;Indicacoes colaborador;163;Arcabouço aplicável;;
Indicacao sem contato valido.;Estudo Palmas.html;PROGRAMA DE INDICACAO;Indicacoes colaborador;164;Resolução CONAMA 358/2005;;
Indicacao sem contato valido.;Estudo Palmas.html;PROGRAMA DE INDICACAO;Indicacoes colaborador;165;Classifica carcaças de animais de estimação como resíduos de serviços de saúde do Grupo A4⁷ (carcaças sem contaminação epidemiológica). Determina que o tratamento térmico por cremação deve ser feito em equipamento devidamente licenciado. Isso é responsabilidade do parceiro cremador, mas você responde solidariamente se o parceiro não tiver licença ambiental em dia. Verificação documental periódica é obrigatória.;;
Indicacao sem contato valido.;Estudo Palmas.html;PROGRAMA DE INDICACAO;Indicacoes colaborador;166;Lei Federal 14.228/2021 — escopo limitado;;
Indicacao sem contato valido.;Estudo Palmas.html;PROGRAMA DE INDICACAO;Indicacoes colaborador;167;Esta lei trata da proibição de eliminação de cães e gatos por Centros de Controle de Zoonoses públicos⁸. Não se aplica diretamente a clínicas, funerárias e crematórios privados. Há confusão comum sobre o tema — o CRMV-SP, CFMV e outros regionais emitiram notas de esclarecimento confirmando o escopo restrito.;;
Indicacao sem contato valido.;Estudo Palmas.html;PROGRAMA DE INDICACAO;Indicacoes colaborador;168;Resolução CFMV 1.000/2012 — eutanásia;;
Indicacao sem contato valido.;Estudo Palmas.html;PROGRAMA DE INDICACAO;Indicacoes colaborador;169;"Relevante quando o serviço receber animais que passaram por eutanásia veterinária. O ato é privativo de médico-veterinário e deve ter prontuário e laudo. Se você oferecer pacote ""eutanásia + cremação"", a eutanásia não pode ser executada por você — deve ser contratada junto a veterinário conveniado, ou o animal deve chegar já com atestado.";;
Indicacao sem contato valido.;Estudo Palmas.html;PROGRAMA DE INDICACAO;Indicacoes colaborador;170;Licenciamento estadual — Naturatins;;
Indicacao sem contato valido.;Estudo Palmas.html;PROGRAMA DE INDICACAO;Indicacoes colaborador;171;O Instituto Natureza do Tocantins licencia atividades potencialmente poluidoras. Como o forno não é seu, não há licença ambiental própria a obter — mas há obrigação de registro de gerador de resíduos de serviços de saúde e comprovação documental do destino dado às carcaças (Manifesto de Transporte de Resíduos, MTR). Armazenamento temporário pré-transporte exige câmara fria adequada, com registro de temperatura.;;
Indicacao sem contato valido.;Estudo Palmas.html;PROGRAMA DE INDICACAO;Indicacoes colaborador;172;Vigilância Sanitária Municipal de Palmas;;
Indicacao sem contato valido.;Estudo Palmas.html;PROGRAMA DE INDICACAO;Indicacoes colaborador;173;"Alvará específico de funcionamento para ""serviço de manejo e destinação de carcaças de animais"" (classificação CNAE 8211-3/00 ou 9493-6/00 adaptada). Recomenda-se consulta prévia formal à Semus/Palmas antes da abertura para validar o enquadramento.";;
Indicacao sem contato valido.;Estudo Palmas.html;PROGRAMA DE INDICACAO;Indicacoes colaborador;174;LGPD — dados de tutores e memoriais digitais;;
Indicacao sem contato valido.;Estudo Palmas.html;PROGRAMA DE INDICACAO;Indicacoes colaborador;175;Memoriais digitais com fotos, nome do pet, histórias e dados do tutor são tratamento de dados pessoais. Exigem Política de Privacidade, Termo de Consentimento específico e designação de Encarregado (DPO, interno ou externo). Para o volume projetado, uma solução terceirizada de DPO as a service (~R$ 400/mês) é suficiente.;;
Indicacao sem contato valido.;Estudo Palmas.html;PROGRAMA DE INDICACAO;Indicacoes colaborador;176;Cláusulas contratuais críticas no contrato com o parceiro cremador;;
Indicacao sem contato valido.;Estudo Palmas.html;PROGRAMA DE INDICACAO;Indicacoes colaborador;177;"SLA de prazoMáximo 72h entre coleta e entrega de cinzas RastreabilidadeIdentificação individual + registro de início/fim de cremação Responsabilidade solidáriaCláusula de regresso em caso de autuação ambiental LicençasObrigação de envio mensal de comprovantes de licença ambiental ativa Exclusividade territorialEvitar cláusula que impeça segundo fornecedor (dual sourcing) Seguro de transporteCobertura contra perda, troca ou dano durante o transporte interestadual ConfidencialidadeParceiro não pode abordar comercialmente clientes seus RescisãoAviso mínimo de 90 dias; transição assistida";;
Indicacao sem contato valido.;Estudo Palmas.html;PROGRAMA DE INDICACAO;Indicacoes colaborador;178;04 Modelagem operacional;;
Indicacao sem contato valido.;Estudo Palmas.html;PROGRAMA DE INDICACAO;Indicacoes colaborador;180;O portfólio completo — com margens que sustentam a tese.;;
Indicacao sem contato valido.;Estudo Palmas.html;PROGRAMA DE INDICACAO;Indicacoes colaborador;181;"O serviço se apoia em três pilares de receita: serviços principais (cremação e velório, alto volume), produtos agregados (urnas premium, joias, memoriais — alta margem) e planos preventivos (receita recorrente, previsibilidade de caixa e LTV elevado). A combinação dos três é o que transforma uma operação funerária pet de ""negócio de ticket"" em ""negócio de ciclo de vida"".";;
Indicacao sem contato valido.;Estudo Palmas.html;PROGRAMA DE INDICACAO;Indicacoes colaborador;182;Portfólio completo de serviços e produtos;;
Indicacao sem contato valido.;Estudo Palmas.html;PROGRAMA DE INDICACAO;Indicacoes colaborador;183;Linha;Margem bruta;
Indicacao sem contato valido.;Estudo Palmas.html;PROGRAMA DE INDICACAO;Indicacoes colaborador;184;Cremação individual com entrega de cinzas;71,30%;
Indicacao sem contato valido.;Estudo Palmas.html;PROGRAMA DE INDICACAO;Indicacoes colaborador;185;Cremação coletiva (sem devolução);63,00%;
Indicacao sem contato valido.;Estudo Palmas.html;PROGRAMA DE INDICACAO;Indicacoes colaborador;186;Velório cerimonial pet (add-on);76,90%;
Indicacao sem contato valido.;Estudo Palmas.html;PROGRAMA DE INDICACAO;Indicacoes colaborador;187;Remoção simples (quando sem cremação);77,10%;
Indicacao sem contato valido.;Estudo Palmas.html;PROGRAMA DE INDICACAO;Indicacoes colaborador;188;Produtos agregados (venda cruzada);;
Indicacao sem contato valido.;Estudo Palmas.html;PROGRAMA DE INDICACAO;Indicacoes colaborador;189;Urna premium (linha decorativa ou biodegradável);55%;
Indicacao sem contato valido.;Estudo Palmas.html;PROGRAMA DE INDICACAO;Indicacoes colaborador;190;Joia com cinzas (pingente, anel);50%;
Indicacao sem contato valido.;Estudo Palmas.html;PROGRAMA DE INDICACAO;Indicacoes colaborador;191;Memorial digital (QR code + página perene);80%;
Indicacao sem contato valido.;Estudo Palmas.html;PROGRAMA DE INDICACAO;Indicacoes colaborador;192;Kit luto (velas, carta, pegada em argila);60%;
Indicacao sem contato valido.;Estudo Palmas.html;PROGRAMA DE INDICACAO;Indicacoes colaborador;193;Planos preventivos (recorrência mensal);;
Indicacao sem contato valido.;Estudo Palmas.html;PROGRAMA DE INDICACAO;Indicacoes colaborador;194;Plano Essencial;—;
Indicacao sem contato valido.;Estudo Palmas.html;PROGRAMA DE INDICACAO;Indicacoes colaborador;195;Plano Conforto;—;
Indicacao sem contato valido.;Estudo Palmas.html;PROGRAMA DE INDICACAO;Indicacoes colaborador;196;Plano Premium (multipet);—;
Indicacao sem contato valido.;Estudo Palmas.html;PROGRAMA DE INDICACAO;Indicacoes colaborador;197;Três diferenciais estratégicos (moat competitivo);;
Indicacao sem contato valido.;Estudo Palmas.html;PROGRAMA DE INDICACAO;Indicacoes colaborador;198;1 — Funeral Multiespécie: combinando com o core funerário humano;;
Indicacao sem contato valido.;Estudo Palmas.html;PROGRAMA DE INDICACAO;Indicacoes colaborador;200;Crie um plano familiar que cobre tutor e pets no mesmo contrato. Ninguém em Palmas ou no Tocantins oferece essa combinação. Trabalha o ciclo de vida completo do cliente — captura o contrato enquanto os pets são jovens e o tutor está decidindo o plano funerário humano. LTV potencial 3–5x maior que o de um cliente apenas pet.;;
Indicacao sem contato valido.;Estudo Palmas.html;PROGRAMA DE INDICACAO;Indicacoes colaborador;201;"2 — ""Céu dos Animais"" — Memorial físico-digital permanente";;
Indicacao sem contato valido.;Estudo Palmas.html;PROGRAMA DE INDICACAO;Indicacoes colaborador;203;Um jardim memorial físico (dentro da estrutura da funerária ou em parceria com parque) onde tutores podem depositar placas, com QR code que abre o memorial digital. Cria um ponto de peregrinação emocional e gera conteúdo social orgânico (visitas em datas importantes, fotos dos tutores). Custo marginal baixo, impacto reputacional alto.;;
Indicacao sem contato valido.;Estudo Palmas.html;PROGRAMA DE INDICACAO;Indicacoes colaborador;204;3 — Parcerias com clínicas veterinárias (comissionamento);;
Indicacao sem contato valido.;Estudo Palmas.html;PROGRAMA DE INDICACAO;Indicacoes colaborador;206;Em Palmas, há ~40 clínicas veterinárias. Crie um programa de parceria com comissionamento de 10–15% sobre remoções oriundas delas, com atendimento 24h. Veterinários aliviam o peso emocional de gerir a destinação do corpo e recebem receita complementar. Alcance 60% das clínicas em 12 meses e o canal de captação deixa de depender só de marketing direto.;;
Indicacao sem contato valido.;Estudo Palmas.html;PROGRAMA DE INDICACAO;Indicacoes colaborador;207;Estrutura de CAPEX;;
Indicacao sem contato valido.;Estudo Palmas.html;PROGRAMA DE INDICACAO;Indicacoes colaborador;208;Composição do investimento inicial (R$ 324,2 mil);;
Indicacao sem contato valido.;Estudo Palmas.html;PROGRAMA DE INDICACAO;Indicacoes colaborador;209;Distribuição por categoria;;
Indicacao sem contato valido.;Estudo Palmas.html;PROGRAMA DE INDICACAO;Indicacoes colaborador;210;Item;;
Indicacao sem contato valido.;Estudo Palmas.html;PROGRAMA DE INDICACAO;Indicacoes colaborador;211;Adequação de sala de velório pet;;
Indicacao sem contato valido.;Estudo Palmas.html;PROGRAMA DE INDICACAO;Indicacoes colaborador;212;Câmara fria pet (pequeno e médio porte);;
Indicacao sem contato valido.;Estudo Palmas.html;PROGRAMA DE INDICACAO;Indicacoes colaborador;213;Kit de remoção (2 unidades);;
Indicacao sem contato valido.;Estudo Palmas.html;PROGRAMA DE INDICACAO;Indicacoes colaborador;214;Adesivação de veículo da frota;;
Indicacao sem contato valido.;Estudo Palmas.html;PROGRAMA DE INDICACAO;Indicacoes colaborador;215;Estoque inicial (urnas, kits, materiais);;
Indicacao sem contato valido.;Estudo Palmas.html;PROGRAMA DE INDICACAO;Indicacoes colaborador;216;Identidade visual, site e branding;;
Indicacao sem contato valido.;Estudo Palmas.html;PROGRAMA DE INDICACAO;Indicacoes colaborador;217;Sistema de gestão (CRM + OS + financeiro);;
Indicacao sem contato valido.;Estudo Palmas.html;PROGRAMA DE INDICACAO;Indicacoes colaborador;218;Capacitação da equipe;;
Indicacao sem contato valido.;Estudo Palmas.html;PROGRAMA DE INDICACAO;Indicacoes colaborador;219;Mobiliário e decoração;;
Indicacao sem contato valido.;Estudo Palmas.html;PROGRAMA DE INDICACAO;Indicacoes colaborador;220;Equipamentos de TI e câmera (streaming);;
Indicacao sem contato valido.;Estudo Palmas.html;PROGRAMA DE INDICACAO;Indicacoes colaborador;221;Campanha de lançamento (3 meses);;
Indicacao sem contato valido.;Estudo Palmas.html;PROGRAMA DE INDICACAO;Indicacoes colaborador;222;Reserva de contingência (10%);;
Indicacao sem contato valido.;Estudo Palmas.html;PROGRAMA DE INDICACAO;Indicacoes colaborador;223;Capital de giro (6 meses);;
Indicacao sem contato valido.;Estudo Palmas.html;PROGRAMA DE INDICACAO;Indicacoes colaborador;224;CAPEX TOTAL;;
Indicacao sem contato valido.;Estudo Palmas.html;PROGRAMA DE INDICACAO;Indicacoes colaborador;225;Estrutura de OPEX — custos fixos mensais (ano 1);;
Indicacao sem contato valido.;Estudo Palmas.html;PROGRAMA DE INDICACAO;Indicacoes colaborador;226;Rubrica;;
Indicacao sem contato valido.;Estudo Palmas.html;PROGRAMA DE INDICACAO;Indicacoes colaborador;227;Rateio de aluguel e utilities (estrutura existente);;
Indicacao sem contato valido.;Estudo Palmas.html;PROGRAMA DE INDICACAO;Indicacoes colaborador;228;Rateio administrativo/contábil compartilhado;;
Indicacao sem contato valido.;Estudo Palmas.html;PROGRAMA DE INDICACAO;Indicacoes colaborador;229;2 atendentes comerciais (escala 12x36);;
Indicacao sem contato valido.;Estudo Palmas.html;PROGRAMA DE INDICACAO;Indicacoes colaborador;230;Cerimonialista pet (CLT);;
Indicacao sem contato valido.;Estudo Palmas.html;PROGRAMA DE INDICACAO;Indicacoes colaborador;231;Motorista de remoção (meio período);;
Indicacao sem contato valido.;Estudo Palmas.html;PROGRAMA DE INDICACAO;Indicacoes colaborador;232;Social media / marketing (50% dedicado);;
Indicacao sem contato valido.;Estudo Palmas.html;PROGRAMA DE INDICACAO;Indicacoes colaborador;233;Manutenção, limpeza, consumíveis;;
Indicacao sem contato valido.;Estudo Palmas.html;PROGRAMA DE INDICACAO;Indicacoes colaborador;234;Combustível (veículo dedicado);;
Indicacao sem contato valido.;Estudo Palmas.html;PROGRAMA DE INDICACAO;Indicacoes colaborador;235;Telefonia, internet dedicada;;
Indicacao sem contato valido.;Estudo Palmas.html;PROGRAMA DE INDICACAO;Indicacoes colaborador;236;Marketing e mídia paga;;
Indicacao sem contato valido.;Estudo Palmas.html;PROGRAMA DE INDICACAO;Indicacoes colaborador;237;Sistema de gestão (SaaS);;
Indicacao sem contato valido.;Estudo Palmas.html;PROGRAMA DE INDICACAO;Indicacoes colaborador;238;Seguros (RC + patrimonial);;
Indicacao sem contato valido.;Estudo Palmas.html;PROGRAMA DE INDICACAO;Indicacoes colaborador;239;Contabilidade e jurídico dedicado;;
Indicacao sem contato valido.;Estudo Palmas.html;PROGRAMA DE INDICACAO;Indicacoes colaborador;240;OPEX mensal total — ano 1;;
Indicacao sem contato valido.;Estudo Palmas.html;PROGRAMA DE INDICACAO;Indicacoes colaborador;241;Regime tributário: qual escolher?;;
Indicacao sem contato valido.;Estudo Palmas.html;PROGRAMA DE INDICACAO;Indicacoes colaborador;243;Lucro Presumido (recomendado);;
Indicacao sem contato valido.;Estudo Palmas.html;PROGRAMA DE INDICACAO;Indicacoes colaborador;245;Base de presunção de 32% sobre serviços (IRPJ + CSLL);;
Indicacao sem contato valido.;Estudo Palmas.html;PROGRAMA DE INDICACAO;Indicacoes colaborador;246;Alíquota efetiva total estimada: ~13,5% da receita;;
Indicacao sem contato valido.;Estudo Palmas.html;PROGRAMA DE INDICACAO;Indicacoes colaborador;247;Estável mesmo com forte crescimento de receita;;
Indicacao sem contato valido.;Estudo Palmas.html;PROGRAMA DE INDICACAO;Indicacoes colaborador;248;Compatível com volume projetado acima de R$ 800 mil/ano;;
Indicacao sem contato valido.;Estudo Palmas.html;PROGRAMA DE INDICACAO;Indicacoes colaborador;250;Simples Nacional (Anexo III);;
Indicacao sem contato valido.;Estudo Palmas.html;PROGRAMA DE INDICACAO;Indicacoes colaborador;252;Progressivo: 6% (faixa 1) até 33% (faixa 6);;
Indicacao sem contato valido.;Estudo Palmas.html;PROGRAMA DE INDICACAO;Indicacoes colaborador;253;Em R$ 1,3 MM/ano (ano 3), alíquota efetiva ~14-15%;;
Indicacao sem contato valido.;Estudo Palmas.html;PROGRAMA DE INDICACAO;Indicacoes colaborador;254;Acima de R$ 4,8 MM/ano há desenquadramento forçado;;
Indicacao sem contato valido.;Estudo Palmas.html;PROGRAMA DE INDICACAO;Indicacoes colaborador;255;Maior simplicidade operacional contábil;;
Indicacao sem contato valido.;Estudo Palmas.html;PROGRAMA DE INDICACAO;Indicacoes colaborador;257;Recomendação: iniciar no Simples Nacional (ano 1–2, enquanto a receita é menor) e migrar para Lucro Presumido a partir do ano 3, quando a receita supera R$ 1,3 MM e a alíquota do Simples se torna comparável ou maior. Lucro Real só se justificaria em cenário de prejuízos prolongados (pessimista), mas nesse caso o negócio estaria em revisão estratégica de qualquer forma.;;
Indicacao sem contato valido.;Estudo Palmas.html;PROGRAMA DE INDICACAO;Indicacoes colaborador;258;⁷ CONAMA 358/2005 — Anexo I, Grupo A4. ⁸ Lei 14.228/2021 — restrita a UVZs e canis públicos (CFMV, CRMV-SP, CRMV-ES).;;
Indicacao sem contato valido.;Estudo Palmas.html;PROGRAMA DE INDICACAO;Indicacoes colaborador;259;05 Modelagem financeira;;
Indicacao sem contato valido.;Estudo Palmas.html;PROGRAMA DE INDICACAO;Indicacoes colaborador;261;DRE, fluxo de caixa, indicadores — o dinheiro nos três horizontes.;;
Indicacao sem contato valido.;Estudo Palmas.html;PROGRAMA DE INDICACAO;Indicacoes colaborador;262;"A modelagem combina receita crescente (ramp-up em ""S""), custos fixos com inflação moderada (IPCA médio 3,6% a.a., segundo Focus/BCB⁹) e três cenários com variação das premissas-chave. A taxa de desconto adotada é 16% a.a., composta por Selic projetada de longo prazo (10%) mais prêmio de risco de 6 pontos para projeto novo em mercado nascente.";;
Indicacao sem contato valido.;Estudo Palmas.html;PROGRAMA DE INDICACAO;Indicacoes colaborador;263;Visão consolidada — três cenários, três horizontes;;
Indicacao sem contato valido.;Estudo Palmas.html;PROGRAMA DE INDICACAO;Indicacoes colaborador;264;Selecione o cenário:;;
Indicacao sem contato valido.;Estudo Palmas.html;PROGRAMA DE INDICACAO;Indicacoes colaborador;265;Pessimista Base Otimista;;
Indicacao sem contato valido.;Estudo Palmas.html;PROGRAMA DE INDICACAO;Indicacoes colaborador;266;Projeção de receita e EBITDA (6 anos);;
Indicacao sem contato valido.;Estudo Palmas.html;PROGRAMA DE INDICACAO;Indicacoes colaborador;267;Cenário-base · valores em R$ milhões;;
Indicacao sem contato valido.;Estudo Palmas.html;PROGRAMA DE INDICACAO;Indicacoes colaborador;268;Fluxo de caixa livre acumulado vs. investimento;;
Indicacao sem contato valido.;Estudo Palmas.html;PROGRAMA DE INDICACAO;Indicacoes colaborador;269;Quando o caixa supera o CAPEX = payback simples;;
Indicacao sem contato valido.;Estudo Palmas.html;PROGRAMA DE INDICACAO;Indicacoes colaborador;270;DRE projetada — cenário-base (R$ mil);;
Indicacao sem contato valido.;Estudo Palmas.html;PROGRAMA DE INDICACAO;Indicacoes colaborador;271;Linha;Ano 3;
Indicacao sem contato valido.;Estudo Palmas.html;PROGRAMA DE INDICACAO;Indicacoes colaborador;272;Cremação individual;477,2;
Indicacao sem contato valido.;Estudo Palmas.html;PROGRAMA DE INDICACAO;Indicacoes colaborador;273;Cremação coletiva;247,4;
Indicacao sem contato valido.;Estudo Palmas.html;PROGRAMA DE INDICACAO;Indicacoes colaborador;274;Velório cerimonial;55,1;
Indicacao sem contato valido.;Estudo Palmas.html;PROGRAMA DE INDICACAO;Indicacoes colaborador;275;Remoção simples;19,8;
Indicacao sem contato valido.;Estudo Palmas.html;PROGRAMA DE INDICACAO;Indicacoes colaborador;276;Urnas premium;26,7;
Indicacao sem contato valido.;Estudo Palmas.html;PROGRAMA DE INDICACAO;Indicacoes colaborador;277;Joias com cinzas;27,1;
Indicacao sem contato valido.;Estudo Palmas.html;PROGRAMA DE INDICACAO;Indicacoes colaborador;278;Memorial digital;26,5;
Indicacao sem contato valido.;Estudo Palmas.html;PROGRAMA DE INDICACAO;Indicacoes colaborador;279;Kit luto;22,3;
Indicacao sem contato valido.;Estudo Palmas.html;PROGRAMA DE INDICACAO;Indicacoes colaborador;280;Planos preventivos (receita recorrente);467,5;
Indicacao sem contato valido.;Estudo Palmas.html;PROGRAMA DE INDICACAO;Indicacoes colaborador;281;RECEITA BRUTA TOTAL;1.369,80;
Indicacao sem contato valido.;Estudo Palmas.html;PROGRAMA DE INDICACAO;Indicacoes colaborador;282;(–) Custos variáveis;-366,1;
Indicacao sem contato valido.;Estudo Palmas.html;PROGRAMA DE INDICACAO;Indicacoes colaborador;283;#NAME?;1.003,70;
Indicacao sem contato valido.;Estudo Palmas.html;PROGRAMA DE INDICACAO;Indicacoes colaborador;284;(–) Custos fixos (com inflação);-542,9;
Indicacao sem contato valido.;Estudo Palmas.html;PROGRAMA DE INDICACAO;Indicacoes colaborador;285;#NAME?;460,8;
Indicacao sem contato valido.;Estudo Palmas.html;PROGRAMA DE INDICACAO;Indicacoes colaborador;286;(–) Depreciação;-15;
Indicacao sem contato valido.;Estudo Palmas.html;PROGRAMA DE INDICACAO;Indicacoes colaborador;287;(–) Impostos (13,5% receita);-184,9;
Indicacao sem contato valido.;Estudo Palmas.html;PROGRAMA DE INDICACAO;Indicacoes colaborador;288;LUCRO LÍQUIDO;260,9;
Indicacao sem contato valido.;Estudo Palmas.html;PROGRAMA DE INDICACAO;Indicacoes colaborador;289;Margem líquida;19,00%;
Indicacao sem contato valido.;Estudo Palmas.html;PROGRAMA DE INDICACAO;Indicacoes colaborador;290;Fluxo de caixa livre;275,9;
Indicacao sem contato valido.;Estudo Palmas.html;PROGRAMA DE INDICACAO;Indicacoes colaborador;291;Indicadores econômico-financeiros consolidados;;
Indicacao sem contato valido.;Estudo Palmas.html;PROGRAMA DE INDICACAO;Indicacoes colaborador;292;Horizonte 2 anos Horizonte 4 anos Horizonte 6 anos;;
Indicacao sem contato valido.;Estudo Palmas.html;PROGRAMA DE INDICACAO;Indicacoes colaborador;293;Indicador;Otimista;
Indicacao sem contato valido.;Estudo Palmas.html;PROGRAMA DE INDICACAO;Indicacoes colaborador;294;Análise de sensibilidade — variáveis críticas (cenário-base, 6 anos);;
Indicacao sem contato valido.;Estudo Palmas.html;PROGRAMA DE INDICACAO;Indicacoes colaborador;296;Qual variável mais impacta o VPL? Construímos um gráfico tornado com variação de ±15% em cada variável isoladamente, mantendo as demais em sua premissa central. A resposta é clara: volume de atendimentos e ticket médio dominam a sensibilidade — reforçando por que captura comercial é o fator crítico de sucesso.;;
Indicacao sem contato valido.;Estudo Palmas.html;PROGRAMA DE INDICACAO;Indicacoes colaborador;297;Sensibilidade do VPL (6 anos) a variáveis-chave;;
Indicacao sem contato valido.;Estudo Palmas.html;PROGRAMA DE INDICACAO;Indicacoes colaborador;298;Variação de ±15% · valores em R$ mil;;
Indicacao sem contato valido.;Estudo Palmas.html;PROGRAMA DE INDICACAO;Indicacoes colaborador;299;Ponto de equilíbrio;;
Indicacao sem contato valido.;Estudo Palmas.html;PROGRAMA DE INDICACAO;Indicacoes colaborador;300;Margem de contribuição unitária média (ano 3)R$ 1.419,65 Custos fixos anuais (ano 3)R$ 542.853 PE em atendimentos/ano382 atendimentos PE em atendimentos/mês32 atendimentos PE em receita anualR$ 740.848 Quando é atingido (cenário-base)Entre o final do ano 1 e meio do ano 2;;
Indicacao sem contato valido.;Estudo Palmas.html;PROGRAMA DE INDICACAO;Indicacoes colaborador;301;Achado crítico: o cenário pessimista é economicamente inviável;;
Indicacao sem contato valido.;Estudo Palmas.html;PROGRAMA DE INDICACAO;Indicacoes colaborador;302;Quando aplicamos captura 25% abaixo do base, ticket médio 8% menor e custos fixos 5% maiores simultaneamente (condição plausível de ramp-up mais lento que o projetado), o projeto não atinge EBITDA positivo em nenhum dos 6 anos e o VPL permanece fortemente negativo em todos os horizontes (-R$ 852 mil em 6 anos). Isso significa que a estrutura de custos fixos é a principal fonte de risco, não o preço. A margem de manobra comercial é estreita — captura e ramp-up precisam ficar próximos do cenário-base para o projeto funcionar. Há duas saídas: (a) entrar com estrutura enxuta e escalar equipe apenas quando volume justificar, ou (b) compartilhar ainda mais custos com a funerária humana no ano 1, reduzindo o OPEX dedicado em até 30%.;;
Indicacao sem contato valido.;Estudo Palmas.html;PROGRAMA DE INDICACAO;Indicacoes colaborador;303;⁹ Relatório Focus / Banco Central — projeções de abril/2026 para Selic e IPCA 2026-2029.;;
Indicacao sem contato valido.;Estudo Palmas.html;PROGRAMA DE INDICACAO;Indicacoes colaborador;304;06 Matriz de riscos;;
Indicacao sem contato valido.;Estudo Palmas.html;PROGRAMA DE INDICACAO;Indicacoes colaborador;306;Oito riscos principais — e como domá-los antes que mordam.;;
Indicacao sem contato valido.;Estudo Palmas.html;PROGRAMA DE INDICACAO;Indicacoes colaborador;307;Nenhum negócio novo nasce sem zonas de sombra. No funeral pet, as sombras têm nomes específicos: dependência do parceiro cremador, falha reputacional em serviço de luto, mudança regulatória, adoção cultural lenta. A matriz abaixo classifica cada risco por probabilidade × impacto e propõe mitigação concreta para cada um.;;
Indicacao sem contato valido.;Estudo Palmas.html;PROGRAMA DE INDICACAO;Indicacoes colaborador;308;Mapa de calor;;
Indicacao sem contato valido.;Estudo Palmas.html;PROGRAMA DE INDICACAO;Indicacoes colaborador;309;Muito baixo;;
Indicacao sem contato valido.;Estudo Palmas.html;PROGRAMA DE INDICACAO;Indicacoes colaborador;310;Baixo;;
Indicacao sem contato valido.;Estudo Palmas.html;PROGRAMA DE INDICACAO;Indicacoes colaborador;311;Médio;;
Indicacao sem contato valido.;Estudo Palmas.html;PROGRAMA DE INDICACAO;Indicacoes colaborador;312;Alto;;
Indicacao sem contato valido.;Estudo Palmas.html;PROGRAMA DE INDICACAO;Indicacoes colaborador;313;Muito alto;;
Indicacao sem contato valido.;Estudo Palmas.html;PROGRAMA DE INDICACAO;Indicacoes colaborador;314;Alta;;
Indicacao sem contato valido.;Estudo Palmas.html;PROGRAMA DE INDICACAO;Indicacoes colaborador;315;—;;
Indicacao sem contato valido.;Estudo Palmas.html;PROGRAMA DE INDICACAO;Indicacoes colaborador;316;—;;
Indicacao sem contato valido.;Estudo Palmas.html;PROGRAMA DE INDICACAO;Indicacoes colaborador;317;R5 Adoção lenta;;
Indicacao sem contato valido.;Estudo Palmas.html;PROGRAMA DE INDICACAO;Indicacoes colaborador;318;R1 Parceiro;;
Indicacao sem contato valido.;Estudo Palmas.html;PROGRAMA DE INDICACAO;Indicacoes colaborador;319;—;;
Indicacao sem contato valido.;Estudo Palmas.html;PROGRAMA DE INDICACAO;Indicacoes colaborador;320;Média;;
Indicacao sem contato valido.;Estudo Palmas.html;PROGRAMA DE INDICACAO;Indicacoes colaborador;321;—;;
Indicacao sem contato valido.;Estudo Palmas.html;PROGRAMA DE INDICACAO;Indicacoes colaborador;322;R7 Trabalhista;;
Indicacao sem contato valido.;Estudo Palmas.html;PROGRAMA DE INDICACAO;Indicacoes colaborador;323;R4 Reputação;;
Indicacao sem contato valido.;Estudo Palmas.html;PROGRAMA DE INDICACAO;Indicacoes colaborador;324;R2 Regulatório;;
Indicacao sem contato valido.;Estudo Palmas.html;PROGRAMA DE INDICACAO;Indicacoes colaborador;325;—;;
Indicacao sem contato valido.;Estudo Palmas.html;PROGRAMA DE INDICACAO;Indicacoes colaborador;326;Baixa;;
Indicacao sem contato valido.;Estudo Palmas.html;PROGRAMA DE INDICACAO;Indicacoes colaborador;327;—;;
Indicacao sem contato valido.;Estudo Palmas.html;PROGRAMA DE INDICACAO;Indicacoes colaborador;328;R8 Cibernético;;
Indicacao sem contato valido.;Estudo Palmas.html;PROGRAMA DE INDICACAO;Indicacoes colaborador;329;R3 Substituto cultural;;
Indicacao sem contato valido.;Estudo Palmas.html;PROGRAMA DE INDICACAO;Indicacoes colaborador;330;R6 Macro;;
Indicacao sem contato valido.;Estudo Palmas.html;PROGRAMA DE INDICACAO;Indicacoes colaborador;331;—;;
Indicacao sem contato valido.;Estudo Palmas.html;PROGRAMA DE INDICACAO;Indicacoes colaborador;332;Eixo horizontal: impacto financeiro potencial · eixo vertical: probabilidade estimada em 24 meses.;;
Indicacao sem contato valido.;Estudo Palmas.html;PROGRAMA DE INDICACAO;Indicacoes colaborador;333;Detalhamento dos oito riscos;;
Indicacao sem contato valido.;Estudo Palmas.html;PROGRAMA DE INDICACAO;Indicacoes colaborador;334;R1 — Dependência do parceiro cremador (single point of failure);;
Indicacao sem contato valido.;Estudo Palmas.html;PROGRAMA DE INDICACAO;Indicacoes colaborador;336;Probabilidade: alta · Impacto: muito alto. Se o parceiro terceirizado for autuado, fechar, subir preço unilateralmente ou falhar operacionalmente, sua operação inteira trava. Não há forno alternativo próximo: o crematório pet mais perto de Palmas está a mais de 1.000 km (capital do Nordeste ou Centro-Oeste).;;
Indicacao sem contato valido.;Estudo Palmas.html;PROGRAMA DE INDICACAO;Indicacoes colaborador;338;"Mitigação: (1) dual sourcing — negociar contrato com segundo parceiro mesmo que volume inicial seja menor; (2) cláusula contratual de SLA com multa; (3) auditoria documental mensal da licença ambiental do parceiro; (4) estoque regulador de câmara fria para até 96h; (5) plano de contingência: acordo de stand-by com crematório humano em Goiânia ou Brasília (legislação permite com licenciamento específico).";;
Indicacao sem contato valido.;Estudo Palmas.html;PROGRAMA DE INDICACAO;Indicacoes colaborador;340;"KPI de monitoramento: tempo médio entre coleta e cremação; número de reclamações por atraso; validade da licença do parceiro.";;
Indicacao sem contato valido.;Estudo Palmas.html;PROGRAMA DE INDICACAO;Indicacoes colaborador;341;R2 — Risco regulatório (CONAMA, Naturatins, municipal);;
Indicacao sem contato valido.;Estudo Palmas.html;PROGRAMA DE INDICACAO;Indicacoes colaborador;343;Probabilidade: média · Impacto: alto. Mudança na CONAMA, novas exigências municipais de Palmas ou interpretação restritiva da Vigilância Sanitária podem exigir adequações não previstas no CAPEX (ex.: câmara fria maior, MTR eletrônico, rastreabilidade blockchain).;;
Indicacao sem contato valido.;Estudo Palmas.html;PROGRAMA DE INDICACAO;Indicacoes colaborador;345;"Mitigação: contratação de jurídico especializado em direito ambiental (anual, ~R$ 12 mil); monitoramento ativo do Naturatins e da Semus/Palmas; participação em associações setoriais (ABREDIF — funeral); orçamento de contingência regulatória de R$ 15 mil/ano a partir do ano 2.";;
Indicacao sem contato valido.;Estudo Palmas.html;PROGRAMA DE INDICACAO;Indicacoes colaborador;346;R3 — Canibalização inversa (sepultamento caseiro);;
Indicacao sem contato valido.;Estudo Palmas.html;PROGRAMA DE INDICACAO;Indicacoes colaborador;348;Probabilidade: baixa · Impacto: médio. Em Palmas, ainda há forte hábito de sepultamento em quintais ou áreas periurbanas. A adoção de cremação formal é uma mudança comportamental, não só de preço.;;
Indicacao sem contato valido.;Estudo Palmas.html;PROGRAMA DE INDICACAO;Indicacoes colaborador;350;"Mitigação: educação de mercado via conteúdo (contaminação de solo, lençol freático, saúde pública); parceria com Secretaria de Meio Ambiente para campanhas conjuntas; entrada com plano coletivo a preço acessível (R$ 1.000) como porta de entrada da categoria.";;
Indicacao sem contato valido.;Estudo Palmas.html;PROGRAMA DE INDICACAO;Indicacoes colaborador;351;R4 — Falha reputacional (especialmente viral);;
Indicacao sem contato valido.;Estudo Palmas.html;PROGRAMA DE INDICACAO;Indicacoes colaborador;353;Probabilidade: média · Impacto: alto. Serviços de luto são extremamente sensíveis: uma cremação trocada, atraso em entrega de cinzas, ou tratamento emocionalmente frio pode viralizar e destruir a marca em 72 horas. Exemplos recentes no mercado pet (SP, RJ) mostram que reclamações em redes sociais geram 10x mais impacto que satisfação positiva.;;
Indicacao sem contato valido.;Estudo Palmas.html;PROGRAMA DE INDICACAO;Indicacoes colaborador;355;"Mitigação: protocolo rigoroso de identificação individual (tag com QR code desde a coleta); treinamento contínuo em atendimento em luto; protocolo de gestão de crise com jurídico e PR pré-contratados; política de ""reparação generosa"" em falhas (reembolso + compensação simbólica superior ao custo).";;
Indicacao sem contato valido.;Estudo Palmas.html;PROGRAMA DE INDICACAO;Indicacoes colaborador;356;R5 — Adoção cultural mais lenta que o projetado;;
Indicacao sem contato valido.;Estudo Palmas.html;PROGRAMA DE INDICACAO;Indicacoes colaborador;358;Probabilidade: alta · Impacto: alto. Captura 25% abaixo do base já torna o projeto inviável (vide seção financeira). Palmas não tem referência local prévia — o tempo de educação de mercado pode ser maior que o modelado.;;
Indicacao sem contato valido.;Estudo Palmas.html;PROGRAMA DE INDICACAO;Indicacoes colaborador;360;"Mitigação: pesquisa primária com 400 domicílios antes do aporte (custo ~R$ 18 mil, já no CAPEX); estratégia comercial agressiva com clínicas veterinárias (alcance 60% em 12 meses); campanha de preço promocional no primeiro semestre (plano coletivo por R$ 750 como entrada de mercado); contratação de influenciadores pet locais com base recall alta em Palmas.";;
Indicacao sem contato valido.;Estudo Palmas.html;PROGRAMA DE INDICACAO;Indicacoes colaborador;361;R6 — Risco macroeconômico;;
Indicacao sem contato valido.;Estudo Palmas.html;PROGRAMA DE INDICACAO;Indicacoes colaborador;363;Probabilidade: baixa · Impacto: alto. Crise econômica severa deprime gastos discricionários. Serviços funerários pet são mais resilientes que a média do setor pet (a necessidade chega independentemente da conjuntura), mas a migração para a cremação coletiva (ticket menor) pode aumentar.;;
Indicacao sem contato valido.;Estudo Palmas.html;PROGRAMA DE INDICACAO;Indicacoes colaborador;365;"Mitigação: portfólio diversificado com entrada de ticket baixo (R$ 350 remoção, R$ 1.000 coletiva); plano preventivo de R$ 29,90/mês como canal anticíclico (cliente paga pouco agora e captura garantia futura); ajuste dinâmico de mix.";;
Indicacao sem contato valido.;Estudo Palmas.html;PROGRAMA DE INDICACAO;Indicacoes colaborador;366;R7 — Risco trabalhista e turnover emocional;;
Indicacao sem contato valido.;Estudo Palmas.html;PROGRAMA DE INDICACAO;Indicacoes colaborador;368;Probabilidade: média · Impacto: baixo-médio. Lidar com luto cronicamente gera desgaste emocional. Turnover em cerimonialistas e atendentes é superior à média do setor funerário humano.;;
Indicacao sem contato valido.;Estudo Palmas.html;PROGRAMA DE INDICACAO;Indicacoes colaborador;370;"Mitigação: rodízio de funções; suporte psicológico mensal da equipe (via convênio); cultura organizacional que reconhece o peso emocional do trabalho; remuneração acima do piso + benefícios simbólicos (licença em luto pessoal, folga no dia do aniversário, etc.).";;
Indicacao sem contato valido.;Estudo Palmas.html;PROGRAMA DE INDICACAO;Indicacoes colaborador;371;R8 — Risco cibernético e LGPD;;
Indicacao sem contato valido.;Estudo Palmas.html;PROGRAMA DE INDICACAO;Indicacoes colaborador;373;Probabilidade: baixa · Impacto: baixo-médio. Memorial digital e base de dados de tutores contêm dados pessoais e emocionalmente sensíveis. Vazamento gera dano reputacional e multa LGPD (até 2% do faturamento, limitado a R$ 50 MM).;;
Indicacao sem contato valido.;Estudo Palmas.html;PROGRAMA DE INDICACAO;Indicacoes colaborador;375;"Mitigação: hospedagem em provedor certificado (AWS, Google Cloud); backup diário; DPO terceirizado (~R$ 400/mês); política de retenção de dados; consentimento explícito em termo específico; criptografia de dados em repouso.";;
Indicacao sem contato valido.;Estudo Palmas.html;PROGRAMA DE INDICACAO;Indicacoes colaborador;376;07 Recomendação estratégica;;
Indicacao sem contato valido.;Estudo Palmas.html;PROGRAMA DE INDICACAO;Indicacoes colaborador;378;Avançar — mas com três condicionantes não negociáveis.;;
Indicacao sem contato valido.;Estudo Palmas.html;PROGRAMA DE INDICACAO;Indicacoes colaborador;379;A conclusão do estudo é de viabilidade condicional. O projeto tem TIR de 45,5% em 6 anos e VPL positivo de R$ 894 mil no cenário-base — números atrativos para um investimento de R$ 324 mil. Mas a zona de tolerância a desvios é estreita: o cenário pessimista é inviável, o que coloca enorme peso na execução comercial. A recomendação é seguir adiante, desde que três condicionantes sejam atendidas antes do aporte de capital.;;
Indicacao sem contato valido.;Estudo Palmas.html;PROGRAMA DE INDICACAO;Indicacoes colaborador;380;Veredito final;;
Indicacao sem contato valido.;Estudo Palmas.html;PROGRAMA DE INDICACAO;Indicacoes colaborador;381;Go, com três condicionantes.;;
Indicacao sem contato valido.;Estudo Palmas.html;PROGRAMA DE INDICACAO;Indicacoes colaborador;383;"Palmas é território virgem, Ágora tem a estrutura e a reputação, a janela competitiva está aberta. A oportunidade é real. Mas siga somente se (1) a pesquisa primária de mercado confirmar propensão a pagar; (2) houver contrato com segundo parceiro cremador (dual sourcing) assinado antes do lançamento; (3) o capital de giro de R$ 80 mil for efetivamente reservado — não como linha de crédito, mas como caixa disponível.";;
Indicacao sem contato valido.;Estudo Palmas.html;PROGRAMA DE INDICACAO;Indicacoes colaborador;384;As três condicionantes detalhadas;;
Indicacao sem contato valido.;Estudo Palmas.html;PROGRAMA DE INDICACAO;Indicacoes colaborador;385;Condicionante 1 — Pesquisa primária de mercado (pré-investimento);;
Indicacao sem contato valido.;Estudo Palmas.html;PROGRAMA DE INDICACAO;Indicacoes colaborador;387;"Antes de aportar os R$ 324 mil, execute uma pesquisa com 400 domicílios em Palmas (nível de confiança 95%, margem de erro 5%) com três perguntas-âncora: (a) propensão a pagar por cremação individual entre R$ 1.500-2.000; (b) adesão a plano preventivo mensal; (c) percepção sobre sepultamento caseiro. Custo: R$ 15-20 mil. Se a pesquisa indicar propensão abaixo de 18% da amostra para cremação paga, reavalie o projeto — o SAM foi estimado em 22%.";;
Indicacao sem contato valido.;Estudo Palmas.html;PROGRAMA DE INDICACAO;Indicacoes colaborador;388;Condicionante 2 — Contrato com segundo parceiro cremador;;
Indicacao sem contato valido.;Estudo Palmas.html;PROGRAMA DE INDICACAO;Indicacoes colaborador;390;Identifique e assine contrato com pelo menos dois crematórios pet regionais (Goiânia, Brasília ou Nordeste) antes do lançamento. O segundo parceiro pode ter volume menor inicial (ex.: 20% dos atendimentos) mas garante continuidade operacional se o principal falhar. Negocie preço-teto para emergência (pico de +50% em até 72h). Sem dual sourcing, o risco R1 fica descoberto e compromete toda a tese.;;
Indicacao sem contato valido.;Estudo Palmas.html;PROGRAMA DE INDICACAO;Indicacoes colaborador;391;Condicionante 3 — Capital de giro efetivamente reservado;;
Indicacao sem contato valido.;Estudo Palmas.html;PROGRAMA DE INDICACAO;Indicacoes colaborador;393;"Os R$ 80 mil de capital de giro no CAPEX não são ""linha disponível"" — são caixa que precisa estar em conta antes da operação abrir. O ano 1 projeta EBITDA negativo de R$ 171 mil. Se o capital de giro for queimado sem reposição, o ano 2 não é possível. Recomendamos reservar adicional de R$ 40 mil como linha de crédito aprovada e não utilizada (custo ~R$ 200/mês em taxa) como colchão de segurança.";;
Indicacao sem contato valido.;Estudo Palmas.html;PROGRAMA DE INDICACAO;Indicacoes colaborador;394;Três insights não convencionais (valor além do óbvio);;
Indicacao sem contato valido.;Estudo Palmas.html;PROGRAMA DE INDICACAO;Indicacoes colaborador;395;"Insight 1 — ""Contrato de Vida Inteira"" com o veterinário";;
Indicacao sem contato valido.;Estudo Palmas.html;PROGRAMA DE INDICACAO;Indicacoes colaborador;397;A maioria dos crematórios pet capta o cliente no momento do óbito. Isso é tarde. Ofereça à clínica veterinária parceira um pacote em que o veterinário inclui o plano preventivo pet na consulta de primeira vacinação do filhote (mais de 90% dos pets são levados ao vet nos primeiros 6 meses). O veterinário recebe R$ 30-50 de comissão por adesão. Captura o cliente quando o pet tem 2 meses, 12 anos antes do evento de cremação. LTV da operação muda de categoria.;;
Indicacao sem contato valido.;Estudo Palmas.html;PROGRAMA DE INDICACAO;Indicacoes colaborador;398;Insight 2 — Seguro pet com crédito funerário embutido;;
Indicacao sem contato valido.;Estudo Palmas.html;PROGRAMA DE INDICACAO;Indicacoes colaborador;400;Seguradoras pet (Petlove, Porto Saúde Pet, etc.) ainda não incluem cobertura funerária nos planos de saúde pet. Procure parceria para tornar sua operação fornecedora exclusiva do benefício funerário dessas seguradoras no Tocantins. Você ganha volume garantido (aumento de 30-50% no SOM em 2-3 anos) e entra em contrato B2B previsível. Em troca, oferece preço de atacado (10-15% abaixo).;;
Indicacao sem contato valido.;Estudo Palmas.html;PROGRAMA DE INDICACAO;Indicacoes colaborador;401;Insight 3 — Franquia interna para Gurupi, Araguaína e Porto Nacional;;
Indicacao sem contato valido.;Estudo Palmas.html;PROGRAMA DE INDICACAO;Indicacoes colaborador;403;"A partir do ano 3-4 (quando a operação de Palmas estiver estável), a mesma tese replica nas outras cidades médias do Tocantins. Gurupi (90 mil hab.), Araguaína (183 mil hab.) e Porto Nacional (70 mil hab.) somam quase 350 mil habitantes adicionais — essencialmente dobra o mercado. Modelo: unidade satélite local com coleta e atendimento, usando o mesmo parceiro cremador. CAPEX por unidade adicional: ~R$ 100 mil. Antes que uma rede nacional chegue, você já é a ""rede do Tocantins"".";;
Indicacao sem contato valido.;Estudo Palmas.html;PROGRAMA DE INDICACAO;Indicacoes colaborador;404;08 Roadmap de implantação;;
Indicacao sem contato valido.;Estudo Palmas.html;PROGRAMA DE INDICACAO;Indicacoes colaborador;406;180 dias da decisão ao primeiro atendimento — cronograma executivo.;;
Indicacao sem contato valido.;Estudo Palmas.html;PROGRAMA DE INDICACAO;Indicacoes colaborador;407;"O plano a seguir assume decisão de go no mês 0 e primeiro atendimento comercial no mês 6. Etapas em paralelo estão marcadas com símbolo §; dependências críticas (bloqueadoras de fases seguintes) estão destacadas.";;
Indicacao sem contato valido.;Estudo Palmas.html;PROGRAMA DE INDICACAO;Indicacoes colaborador;408;Mês 1 · Fundação;;
Indicacao sem contato valido.;Estudo Palmas.html;PROGRAMA DE INDICACAO;Indicacoes colaborador;409;Validação, jurídico e estrutura societária;;
Indicacao sem contato valido.;Estudo Palmas.html;PROGRAMA DE INDICACAO;Indicacoes colaborador;411;Execução da pesquisa primária de mercado (400 domicílios). Constituição da nova unidade de negócio (CNPJ próprio ou filial do CNPJ existente — decisão tributária). Contratação de jurídico especializado. Abertura de conta bancária PJ separada. Negociação inicial com parceiros cremadores (mínimo 3 propostas).;;
Indicacao sem contato valido.;Estudo Palmas.html;PROGRAMA DE INDICACAO;Indicacoes colaborador;412;Mês 2 · Contratos;;
Indicacao sem contato valido.;Estudo Palmas.html;PROGRAMA DE INDICACAO;Indicacoes colaborador;413;Parcerias, licenciamento e branding;;
Indicacao sem contato valido.;Estudo Palmas.html;PROGRAMA DE INDICACAO;Indicacoes colaborador;415;Assinatura do contrato com parceiro cremador principal e segundo fornecedor (dual sourcing). Protocolo do alvará na Semus/Palmas. Protocolo de cadastro como gerador de resíduos no Naturatins. § Início do processo de branding (naming, identidade visual, tom de voz, site). Desenvolvimento da estratégia editorial de redes sociais.;;
Indicacao sem contato valido.;Estudo Palmas.html;PROGRAMA DE INDICACAO;Indicacoes colaborador;416;Mês 3 · Estrutura física;;
Indicacao sem contato valido.;Estudo Palmas.html;PROGRAMA DE INDICACAO;Indicacoes colaborador;417;Adequação do espaço e compras de CAPEX;;
Indicacao sem contato valido.;Estudo Palmas.html;PROGRAMA DE INDICACAO;Indicacoes colaborador;419;Obra de adequação da sala de velório pet. Instalação da câmara fria pet. Adesivação do veículo. Compra e recebimento do estoque inicial (urnas, kits). Aquisição e implantação do sistema de gestão. Instalação de câmeras para streaming. § Capacitação da equipe começa em paralelo (curso de luto pet, tanatopraxia pet).;;
Indicacao sem contato valido.;Estudo Palmas.html;PROGRAMA DE INDICACAO;Indicacoes colaborador;420;Mês 4 · Equipe e processos;;
Indicacao sem contato valido.;Estudo Palmas.html;PROGRAMA DE INDICACAO;Indicacoes colaborador;421;Recrutamento, treinamento e manuais;;
Indicacao sem contato valido.;Estudo Palmas.html;PROGRAMA DE INDICACAO;Indicacoes colaborador;423;Contratação do cerimonialista pet (contratação-chave). Contratação/remanejamento de atendentes. Definição de protocolos operacionais (SOP de remoção, SOP de velório, SOP de entrega de cinzas). Treinamento de atendimento em luto. Configuração do CRM. § Começa a pré-campanha de teaser em redes sociais.;;
Indicacao sem contato valido.;Estudo Palmas.html;PROGRAMA DE INDICACAO;Indicacoes colaborador;424;Mês 5 · Go-to-market;;
Indicacao sem contato valido.;Estudo Palmas.html;PROGRAMA DE INDICACAO;Indicacoes colaborador;425;Parcerias com clínicas e lançamento comercial;;
Indicacao sem contato valido.;Estudo Palmas.html;PROGRAMA DE INDICACAO;Indicacoes colaborador;427;Visitas comerciais a todas as clínicas veterinárias de Palmas (meta: 40 visitas, 25 parcerias fechadas em 30 dias). Evento de pré-lançamento (coquetel técnico com veterinários e imprensa local). Ativação da campanha de lançamento (mídia paga, PR, influenciadores pet locais). Soft opening com primeiros 10 atendimentos gratuitos para ONGs de proteção animal (geração de cases reais e gratidão institucional).;;
Indicacao sem contato valido.;Estudo Palmas.html;PROGRAMA DE INDICACAO;Indicacoes colaborador;428;Mês 6 · Operação comercial;;
Indicacao sem contato valido.;Estudo Palmas.html;PROGRAMA DE INDICACAO;Indicacoes colaborador;429;Primeiro atendimento pagante e KPIs iniciais;;
Indicacao sem contato valido.;Estudo Palmas.html;PROGRAMA DE INDICACAO;Indicacoes colaborador;431;Abertura comercial oficial. Captação ativa de planos preventivos (meta primeiro mês: 40 novos planos). Acompanhamento diário de KPIs. Ajuste de preços e mix conforme reação de mercado (revisão mensal). Iteração de processos baseada nos primeiros atendimentos reais.;;
Indicacao sem contato valido.;Estudo Palmas.html;PROGRAMA DE INDICACAO;Indicacoes colaborador;432;KPIs de acompanhamento (painel executivo);;
Indicacao sem contato valido.;Estudo Palmas.html;PROGRAMA DE INDICACAO;Indicacoes colaborador;433;KPI;Meta ano 3;
Indicacao sem contato valido.;Estudo Palmas.html;PROGRAMA DE INDICACAO;Indicacoes colaborador;434;Atendimentos/mês;59;
Indicacao sem contato valido.;Estudo Palmas.html;PROGRAMA DE INDICACAO;Indicacoes colaborador;435;Mix individual/coletiva;45%/35%;
Indicacao sem contato valido.;Estudo Palmas.html;PROGRAMA DE INDICACAO;Indicacoes colaborador;436;Ticket médio;R$1.937;
Indicacao sem contato valido.;Estudo Palmas.html;PROGRAMA DE INDICACAO;Indicacoes colaborador;437;Novos planos preventivos/mês;65;
Indicacao sem contato valido.;Estudo Palmas.html;PROGRAMA DE INDICACAO;Indicacoes colaborador;438;Churn de planos;2,00%;
Indicacao sem contato valido.;Estudo Palmas.html;PROGRAMA DE INDICACAO;Indicacoes colaborador;439;NPS (pós-atendimento);≥ 80;
Indicacao sem contato valido.;Estudo Palmas.html;PROGRAMA DE INDICACAO;Indicacoes colaborador;440;SLA parceiro cremador (prazo);≤ 48h;
Indicacao sem contato valido.;Estudo Palmas.html;PROGRAMA DE INDICACAO;Indicacoes colaborador;441;Número de reclamações públicas;≤ 1/trimestre;
Indicacao sem contato valido.;Estudo Palmas.html;PROGRAMA DE INDICACAO;Indicacoes colaborador;442;EBITDA;≥ R$ 38 mil/mês;
Indicacao sem contato valido.;Estudo Palmas.html;PROGRAMA DE INDICACAO;Indicacoes colaborador;443;Clínicas parceiras ativas;40;
Indicacao sem contato valido.;Estudo Palmas.html;PROGRAMA DE INDICACAO;Indicacoes colaborador;444;Gatilhos de expansão e de contingência;;
Indicacao sem contato valido.;Estudo Palmas.html;PROGRAMA DE INDICACAO;Indicacoes colaborador;446;Quando expandir;;
Indicacao sem contato valido.;Estudo Palmas.html;PROGRAMA DE INDICACAO;Indicacoes colaborador;448;EBITDA mensal > R$ 60 mil por 6 meses consecutivos (ano 3+);;
Indicacao sem contato valido.;Estudo Palmas.html;PROGRAMA DE INDICACAO;Indicacoes colaborador;449;Market share > 35% do SOM capturado;;
Indicacao sem contato valido.;Estudo Palmas.html;PROGRAMA DE INDICACAO;Indicacoes colaborador;450;Margem líquida > 25% estabilizada;;
Indicacao sem contato valido.;Estudo Palmas.html;PROGRAMA DE INDICACAO;Indicacoes colaborador;451;Segundo fornecedor cremador consolidado;;
Indicacao sem contato valido.;Estudo Palmas.html;PROGRAMA DE INDICACAO;Indicacoes colaborador;452;Plano preventivo com base > 1.500 clientes ativos;;
Indicacao sem contato valido.;Estudo Palmas.html;PROGRAMA DE INDICACAO;Indicacoes colaborador;453;→ Avaliar: unidade satélite em Gurupi/Araguaína · crematório próprio · cemitério pet;;
Indicacao sem contato valido.;Estudo Palmas.html;PROGRAMA DE INDICACAO;Indicacoes colaborador;455;Quando acender o alarme;;
Indicacao sem contato valido.;Estudo Palmas.html;PROGRAMA DE INDICACAO;Indicacoes colaborador;457;Captura < 60% do SOM projetado por 2 trimestres;;
Indicacao sem contato valido.;Estudo Palmas.html;PROGRAMA DE INDICACAO;Indicacoes colaborador;458;Queima de caixa real > 130% do previsto no ano 1;;
Indicacao sem contato valido.;Estudo Palmas.html;PROGRAMA DE INDICACAO;Indicacoes colaborador;459;Perda do parceiro cremador sem substituto pronto;;
Indicacao sem contato valido.;Estudo Palmas.html;PROGRAMA DE INDICACAO;Indicacoes colaborador;460;Autuação sanitária ou ambiental;;
Indicacao sem contato valido.;Estudo Palmas.html;PROGRAMA DE INDICACAO;Indicacoes colaborador;461;Entrada de concorrente nacional com preço abaixo do seu CV;;
Indicacao sem contato valido.;Estudo Palmas.html;PROGRAMA DE INDICACAO;Indicacoes colaborador;462;→ Decisões: revisar estrutura · pivotar modelo · descontinuar;;
Indicacao sem contato valido.;Estudo Palmas.html;PROGRAMA DE INDICACAO;Indicacoes colaborador;464;09 Anexos & referências;;
Indicacao sem contato valido.;Estudo Palmas.html;PROGRAMA DE INDICACAO;Indicacoes colaborador;466;Memorial de cálculo, glossário e fontes.;;
Indicacao sem contato valido.;Estudo Palmas.html;PROGRAMA DE INDICACAO;Indicacoes colaborador;467;Memorial de premissas (base);;
Indicacao sem contato valido.;Estudo Palmas.html;PROGRAMA DE INDICACAO;Indicacoes colaborador;468;População Palmas 2025328.499 hab. · IBGE DomicíliosPopulação / 2,59 (média TO — IBGE 2022) Penetração pet60% dos lares (proxy ABINPET/Senado) Cães+gatos por lar com pet1,5 (ajuste sobre 1,8 pets/dom.) Taxa de mortalidade pet8,8% ao ano (média ponderada 65% cães / 35% gatos) SAM22% do TAM (faixa 15–35% Brasil, posição intermediária) Curva SOM12% · 22% · 32% · 40% · 45% · 48% Mix cremação ind. / col.45% / 35% (base) · 12% velório · 8% só remoção Churn plano preventivo2,5% ao mês IPCA projetado (média 2026–2029)3,9% a.a. · Focus/BCB Selic projetada (longo prazo)10% a.a. · Focus/BCB Taxa de desconto (CMPC)16% a.a. (Selic LT + prêmio de risco 6pp) DepreciaçãoR$ 15 mil/ano (10 anos, linear, sobre R$ 150 mil CAPEX depreciável) Alíquota tributária consolidada13,5% da receita bruta (Lucro Presumido) Cenário pessimistaCaptura -25% · Ticket -8% · Custos fixos +5% Cenário otimistaCaptura +30% · Ticket +10% · Custos fixos iguais;;
Indicacao sem contato valido.;Estudo Palmas.html;PROGRAMA DE INDICACAO;Indicacoes colaborador;469;Glossário;;
Indicacao sem contato valido.;Estudo Palmas.html;PROGRAMA DE INDICACAO;Indicacoes colaborador;470;TAMTotal Addressable Market — universo total de clientes potenciais SAMServiceable Available Market — fatia com propensão real a pagar SOMServiceable Obtainable Market — captura realística no horizonte VPLValor Presente Líquido — caixa futuro descontado menos investimento TIRTaxa Interna de Retorno — taxa que zera o VPL PaybackTempo até o caixa acumulado igualar o investimento inicial EBITDALucro antes de juros, impostos, depreciação e amortização LTVLifetime Value — valor total gerado por um cliente ao longo da relação CACCusto de Aquisição de Cliente CMPC / WACCCusto Médio Ponderado de Capital MTRManifesto de Transporte de Resíduos MCMargem de Contribuição — receita menos custos variáveis White-labelModelo em que o parceiro opera invisível ao cliente final;;
Indicacao sem contato valido.;Estudo Palmas.html;PROGRAMA DE INDICACAO;Indicacoes colaborador;471;Referências bibliográficas e fontes;;
Indicacao sem contato valido.;Estudo Palmas.html;PROGRAMA DE INDICACAO;Indicacoes colaborador;472;[1];;
Indicacao sem contato valido.;Estudo Palmas.html;PROGRAMA DE INDICACAO;Indicacoes colaborador;473;IBGE. Cidades e Estados — Palmas/TO. Estimativa populacional 2025. Disponível em: ibge.gov.br/cidades-e-estados/to/palmas.html;;
Indicacao sem contato valido.;Estudo Palmas.html;PROGRAMA DE INDICACAO;Indicacoes colaborador;474;[2];;
Indicacao sem contato valido.;Estudo Palmas.html;PROGRAMA DE INDICACAO;Indicacoes colaborador;475;IBGE. Portaria IBGE nº 1.098, de 27 de agosto de 2025. Estimativas da população para estados e municípios.;;
Indicacao sem contato valido.;Estudo Palmas.html;PROGRAMA DE INDICACAO;Indicacoes colaborador;476;[3];;
Indicacao sem contato valido.;Estudo Palmas.html;PROGRAMA DE INDICACAO;Indicacoes colaborador;477;ABINPET. Informações Gerais do Setor. 2025. Disponível em: abinpet.org.br/informacoes-gerais-do-setor;;
Indicacao sem contato valido.;Estudo Palmas.html;PROGRAMA DE INDICACAO;Indicacoes colaborador;478;[4];;
Indicacao sem contato valido.;Estudo Palmas.html;PROGRAMA DE INDICACAO;Indicacoes colaborador;479;Senado Federal. Brasil tem terceira maior população pet do mundo. Dezembro 2024. Disponível em: senado.leg.br;;
Indicacao sem contato valido.;Estudo Palmas.html;PROGRAMA DE INDICACAO;Indicacoes colaborador;480;[5];;
Indicacao sem contato valido.;Estudo Palmas.html;PROGRAMA DE INDICACAO;Indicacoes colaborador;481;Petlove. PetCenso 2025. Dados sobre perfil da população pet brasileira.;;
Indicacao sem contato valido.;Estudo Palmas.html;PROGRAMA DE INDICACAO;Indicacoes colaborador;482;[6];;
Indicacao sem contato valido.;Estudo Palmas.html;PROGRAMA DE INDICACAO;Indicacoes colaborador;483;ABRAS / ABINPET. Overview do Mercado Pet 2025. Disponível em: abras.com.br;;
Indicacao sem contato valido.;Estudo Palmas.html;PROGRAMA DE INDICACAO;Indicacoes colaborador;484;[7];;
Indicacao sem contato valido.;Estudo Palmas.html;PROGRAMA DE INDICACAO;Indicacoes colaborador;485;CONAMA. Resolução nº 358, de 29 de abril de 2005. Tratamento e disposição final dos resíduos de serviços de saúde.;;
Indicacao sem contato valido.;Estudo Palmas.html;PROGRAMA DE INDICACAO;Indicacoes colaborador;486;[8];;
Indicacao sem contato valido.;Estudo Palmas.html;PROGRAMA DE INDICACAO;Indicacoes colaborador;487;Brasil. Lei Federal nº 14.228, de 20 de outubro de 2021. Disponível em: planalto.gov.br;;
Indicacao sem contato valido.;Estudo Palmas.html;PROGRAMA DE INDICACAO;Indicacoes colaborador;488;[9];;
Indicacao sem contato valido.;Estudo Palmas.html;PROGRAMA DE INDICACAO;Indicacoes colaborador;489;Banco Central do Brasil. Relatório Focus. Projeções de abril de 2026 para Selic, IPCA e PIB 2026–2029. Disponível em: bcb.gov.br;;
Indicacao sem contato valido.;Estudo Palmas.html;PROGRAMA DE INDICACAO;Indicacoes colaborador;490;[10];;
Indicacao sem contato valido.;Estudo Palmas.html;PROGRAMA DE INDICACAO;Indicacoes colaborador;491;CFMV. Resolução nº 1.000, de 11 de maio de 2012. Procedimentos e métodos de eutanásia em animais.;;
Indicacao sem contato valido.;Estudo Palmas.html;PROGRAMA DE INDICACAO;Indicacoes colaborador;492;[11];;
Indicacao sem contato valido.;Estudo Palmas.html;PROGRAMA DE INDICACAO;Indicacoes colaborador;493;CRMV-SP. Determinações da Lei Federal nº 14.228 já vigoram em São Paulo desde 2008. Nota de esclarecimento.;;
Indicacao sem contato valido.;Estudo Palmas.html;PROGRAMA DE INDICACAO;Indicacoes colaborador;494;[12];;
Indicacao sem contato valido.;Estudo Palmas.html;PROGRAMA DE INDICACAO;Indicacoes colaborador;495;Urnas Funerárias. Cremação de cães no Brasil — custos e como funciona. Junho 2025. Benchmark de preços em 10 capitais.;;
Indicacao sem contato valido.;Estudo Palmas.html;PROGRAMA DE INDICACAO;Indicacoes colaborador;496;[13];;
Indicacao sem contato valido.;Estudo Palmas.html;PROGRAMA DE INDICACAO;Indicacoes colaborador;497;Morada da Paz Pet, PetFênix, Pet Memorial, R.I.P. Pet, Brazcão, Santuário dos Pets, Memorial Pet, Pet Céu. Sites institucionais das redes analisadas (acessos em abril/2026).;;
Indicacao sem contato valido.;Estudo Palmas.html;PROGRAMA DE INDICACAO;Indicacoes colaborador;498;[14];;
Indicacao sem contato valido.;Estudo Palmas.html;PROGRAMA DE INDICACAO;Indicacoes colaborador;499;Revista Aracê. Oferta e demanda de ração para cães e gatos no Brasil. v.8, n.3, 2026. Dados econométricos do mercado pet.;;
Indicacao sem contato valido.;Estudo Palmas.html;PROGRAMA DE INDICACAO;Indicacoes colaborador;500;[15];;
Indicacao sem contato valido.;Estudo Palmas.html;PROGRAMA DE INDICACAO;Indicacoes colaborador;501;Instituto Natureza do Tocantins (Naturatins). Normativas de licenciamento ambiental estadual para atividades geradoras de resíduos de saúde.;;
Indicacao sem contato valido.;Estudo Palmas.html;PROGRAMA DE INDICACAO;Indicacoes colaborador;503;Ágora Comunicação e Marketing Digital · Consultoria Estratégica. Este estudo de viabilidade econômica e financeira foi elaborado com base em dados públicos disponíveis em abril de 2026 e premissas declaradas ao longo do documento. As projeções financeiras são estimativas baseadas em cenários e não constituem garantia de resultado. A decisão de investimento é de responsabilidade exclusiva do investidor, devendo ser complementada por pesquisa primária de mercado, due diligence jurídica e validação contábil.;;
Indicacao sem contato valido.;Estudo Palmas.html;PROGRAMA DE INDICACAO;Indicacoes colaborador;505;Em caso de divergência entre dados agregados e fontes primárias atualizadas (IBGE, ABINPET, Banco Central), prevalecem as fontes primárias. Premissas tributárias baseadas na legislação vigente em abril/2026 e sujeitas a alteração pela Reforma Tributária. Elaborado por Willian Oliveira · Ágora Consultoria, com apoio de modelagem analítica assistida por IA.;;
Indicacao sem contato valido.;Estudo Palmas.html;PROGRAMA DE INDICACAO;Indicacoes colaborador;506;© 2026 Ágora Comunicação e Marketing Digital · Documento confidencial · Reprodução restrita;;